product_name,subCategory_name,subCategory_url
Amplifiers and Comparators,Automotive Comparators,https://www.st.com/en/amplifiers-and-comparators/automotive-comparators.html
Amplifiers and Comparators,High-Speed Comparators,https://www.st.com/en/amplifiers-and-comparators/high-speed-comparators.html
Amplifiers and Comparators,Low Power Comparators,https://www.st.com/en/amplifiers-and-comparators/low-power-comparators.html
Amplifiers and Comparators,Standard Comparators,https://www.st.com/en/amplifiers-and-comparators/standard-comparators.html
Amplifiers and Comparators,Automotive Op Amps,https://www.st.com/en/amplifiers-and-comparators/automotive-op-amps.html
Amplifiers and Comparators,High-Speed Op Amps (>50 MHz),https://www.st.com/en/amplifiers-and-comparators/high-speed-op-amps-gt50-mhz.html
Amplifiers and Comparators,Precision Op Amps (<50 MHz),https://www.st.com/en/amplifiers-and-comparators/precision-op-amps-lt50-mhz.html
Amplifiers and Comparators,Standard Op Amps,https://www.st.com/en/amplifiers-and-comparators/standard-op-amps.html
Audio ICs,Class-AB Audio Power Amplifiers,https://www.st.com/en/audio-ics/class-ab-audio-power-amplifiers.html
Audio ICs,Class-D Audio Power Amplifiers,https://www.st.com/en/audio-ics/class-d-audio-power-amplifiers.html
Audio ICs,Digital Audio Power Amplifiers,https://www.st.com/en/audio-ics/digital-audio-power-amplifiers.html
Audio ICs,Headphone and Low Power Amplifiers,https://www.st.com/en/audio-ics/headphone-and-low-power-amplifiers.html
Audio ICs,Analog Audio Processor ICs,https://www.st.com/en/audio-ics/analog-audio-processor-ics.html
Audio ICs,Audio Codecs and Decoders,https://www.st.com/en/audio-ics/audio-codecs-and-decoders.html
Audio ICs,Digital Audio Processors and Drivers,https://www.st.com/en/audio-ics/digital-audio-processors-and-drivers.html
Automotive Analog and Power,Automotive Op Amps,https://www.st.com/en/amplifiers-and-comparators/automotive-op-amps.html
Automotive Analog and Power,Automotive Bridge Rectifier Diodes,https://www.st.com/en/automotive-analog-and-power/automotive-bridge-rectifier-diodes.html
Automotive Analog and Power,Automotive IGBTs,https://www.st.com/en/automotive-analog-and-power/automotive-igbts.html
Automotive Analog and Power,Automotive Power MOSFETs,https://www.st.com/en/automotive-analog-and-power/automotive-power-mosfets.html
Automotive Analog and Power,Automotive Power Schottky Diodes,https://www.st.com/en/automotive-analog-and-power/automotive-power-schottky-diodes.html
Automotive Analog and Power,Automotive Protection and Filtering,https://www.st.com/en/automotive-analog-and-power/automotive-protection-and-filtering.html
Automotive Analog and Power,Automotive SiC Diodes,https://www.st.com/en/automotive-analog-and-power/automotive-sic-diodes.html
Automotive Analog and Power,Automotive SiC MOSFETs,https://www.st.com/en/automotive-analog-and-power/automotive-sic-mosfets.html
Automotive Analog and Power,Automotive Thyristors (SCRs),https://www.st.com/en/automotive-analog-and-power/automotive-thyristors-scrs.html
Automotive Analog and Power,Automotive Ultrafast Diodes,https://www.st.com/en/automotive-analog-and-power/automotive-ultrafast-diodes.html
Automotive Analog and Power,Airbag ICs,https://www.st.com/en/automotive-analog-and-power/airbag-ics.html
Automotive Analog and Power,Braking ICs,https://www.st.com/en/automotive-analog-and-power/braking-ics.html
Automotive Analog and Power,Steering ICs,https://www.st.com/en/automotive-analog-and-power/steering-ics.html
Automotive Analog and Power,Configurable Low/High Side Switches,https://www.st.com/en/automotive-analog-and-power/configurable-low-high-side-switches.html
Automotive Analog and Power,High Side Switches,https://www.st.com/en/automotive-analog-and-power/high-side-switches.html
Automotive Analog and Power,High Side Switches for 24V Board Net,https://www.st.com/en/automotive-analog-and-power/high-side-switches-for-24v-board-net.html
Automotive Analog and Power,High Side Switches with SPI and Asymmetrical Outputs,https://www.st.com/en/automotive-analog-and-power/high-side-switches-with-spi-and-asymmetrical-outputs.html
Automotive Analog and Power,Low Side Switches,https://www.st.com/en/automotive-analog-and-power/low-side-switches.html
Automotive Analog and Power,Smart switches for wire harness protection,https://www.st.com/en/automotive-analog-and-power/smart-switches-for-wire-harness-protection.html
Automotive Analog and Power,Alternator Regulators,https://www.st.com/en/automotive-analog-and-power/alternator-regulators.html
Automotive Analog and Power,Automotive Battery Management ICs,https://www.st.com/en/automotive-analog-and-power/automotive-battery-management-ics.html
Automotive Analog and Power,Engine Management,https://www.st.com/en/automotive-analog-and-power/engine-management.html
Automotive Analog and Power,Ignition Controllers and Drivers,https://www.st.com/en/automotive-analog-and-power/ignition-controllers-and-drivers.html
Automotive Analog and Power,Transmission,https://www.st.com/en/automotive-analog-and-power/transmission.html
Automotive Infotainment and Telematics,Automotive Class-AB Audio Power Amplifiers,https://www.st.com/en/automotive-infotainment-and-telematics/automotive-class-ab-audio-power-amplifiers.html
Automotive Infotainment and Telematics,Automotive Class-D Audio Power Amplifiers,https://www.st.com/en/automotive-infotainment-and-telematics/automotive-class-d-audio-power-amplifiers.html
Automotive Infotainment and Telematics,Infotainment Processors,https://www.st.com/en/automotive-infotainment-and-telematics/infotainment-processors.html
Automotive Infotainment and Telematics,Terrestrial Radio Receivers,https://www.st.com/en/automotive-infotainment-and-telematics/terrestrial-radio-receivers.html
Automotive Microcontrollers,SPC5 General Purpose MCUs,https://www.st.com/en/automotive-microcontrollers/spc5-general-purpose-mcus.html
Automotive Microcontrollers,SPC5 Performance MCUs,https://www.st.com/en/automotive-microcontrollers/spc5-performance-mcus.html
Automotive Microcontrollers,Stellar Actuation MCUs,https://www.st.com/en/automotive-microcontrollers/stellar-actuation-mcus.html
Automotive Microcontrollers,Stellar Integration MCUs,https://www.st.com/en/automotive-microcontrollers/stellar-integration-mcus.html
Clocks and Timers,Battery and Crystal,https://www.st.com/en/clocks-and-timers/battery-and-crystal.html
Clocks and Timers,RTC - Parallel Interface (Timekeepers),https://www.st.com/en/clocks-and-timers/rtc-parallel-interface-timekeepers.html
Clocks and Timers,RTC - Serial Interface,https://www.st.com/en/clocks-and-timers/rtc-serial-interface.html
Digital Set-Top Box ICs,Satellite Demodulators,https://www.st.com/en/digital-set-top-box-ics/satellite-demodulators.html
Diodes and Rectifiers,Automotive-grade Bridge Rectifier diodes,https://www.st.com/en/diodes-and-rectifiers/automotive-grade-bridge-rectifier-diodes.html
Diodes and Rectifiers,Automotive-grade Schottky diodes,https://www.st.com/en/diodes-and-rectifiers/automotive-grade-schottky-diodes.html
Diodes and Rectifiers,Automotive-grade Silicon Carbide diodes,https://www.st.com/en/diodes-and-rectifiers/automotive-grade-silicon-carbide-diodes.html
Diodes and Rectifiers,Automotive-grade ultrafast diodes,https://www.st.com/en/diodes-and-rectifiers/automotive-grade-ultrafast-diodes.html
Diodes and Rectifiers,Power Schottky,https://www.st.com/en/diodes-and-rectifiers/power-schottky.html
Diodes and Rectifiers,Signal Schottky,https://www.st.com/en/diodes-and-rectifiers/signal-schottky.html
Diodes and Rectifiers,200V to 400V Ultrafast Rectifiers,https://www.st.com/en/diodes-and-rectifiers/200v-to-400v-ultrafast-rectifiers.html
Diodes and Rectifiers,600V Ultrafast Rectifiers,https://www.st.com/en/diodes-and-rectifiers/600v-ultrafast-rectifiers.html
Diodes and Rectifiers,800V to 1200V Ultrafast Rectifiers,https://www.st.com/en/diodes-and-rectifiers/800v-to-1200v-ultrafast-rectifiers.html
Interfaces and Transceivers,I/O Expanders,https://www.st.com/en/interfaces-and-transceivers/i-o-expanders.html
Interfaces and Transceivers,Level Translators,https://www.st.com/en/interfaces-and-transceivers/level-translators.html
Interfaces and Transceivers,USB Charging Controllers,https://www.st.com/en/interfaces-and-transceivers/usb-charging-controllers.html
Interfaces and Transceivers,USB Transceivers,https://www.st.com/en/interfaces-and-transceivers/usb-transceivers.html
Interfaces and Transceivers,USB Type-C and Power Delivery Controllers,https://www.st.com/en/interfaces-and-transceivers/usb-type-c-and-power-delivery-controllers.html
Memories,Battery Options,https://www.st.com/en/memories/battery-options.html
Memories,ZEROPOWER,https://www.st.com/en/memories/zeropower.html
Memories,Automotive Serial EEPROM,https://www.st.com/en/memories/automotive-serial-eeprom.html
Memories,SPD EEPROM,https://www.st.com/en/memories/spd-eeprom.html
Memories,Standard Serial EEPROM,https://www.st.com/en/memories/standard-serial-eeprom.html
Microcontrollers & Microprocessors,ST7 8-bit MCUs,https://www.st.com/en/microcontrollers-microprocessors/st7-8-bit-mcus.html
Microcontrollers & Microprocessors,STM32 High Performance MCUs,https://www.st.com/en/microcontrollers-microprocessors/stm32-high-performance-mcus.html
Microcontrollers & Microprocessors,STM32 Mainstream MCUs,https://www.st.com/en/microcontrollers-microprocessors/stm32-mainstream-mcus.html
Microcontrollers & Microprocessors,STM32 Ultra Low Power MCUs,https://www.st.com/en/microcontrollers-microprocessors/stm32-ultra-low-power-mcus.html
Microcontrollers & Microprocessors,STM32 Wireless MCUs,https://www.st.com/en/microcontrollers-microprocessors/stm32-wireless-mcus.html
Microcontrollers & Microprocessors,STM32MP1 Series,https://www.st.com/en/microcontrollers-microprocessors/stm32mp1-series.html
Microcontrollers & Microprocessors,STM8AF Series,https://www.st.com/en/microcontrollers-microprocessors/stm8af-series.html
Microcontrollers & Microprocessors,STM8AL Series,https://www.st.com/en/microcontrollers-microprocessors/stm8al-series.html
Microcontrollers & Microprocessors,STM8L Series,https://www.st.com/en/microcontrollers-microprocessors/stm8l-series.html
Microcontrollers & Microprocessors,STM8S Series,https://www.st.com/en/microcontrollers-microprocessors/stm8s-series.html
Microcontrollers & Microprocessors,STM8T Series,https://www.st.com/en/microcontrollers-microprocessors/stm8t-series.html
Motor Drivers,High Voltage Half Bridge Gate Drivers,https://www.st.com/en/motor-drivers/high-voltage-half-bridge-gate-drivers.html
Motor Drivers,Isolated Gate Drivers,https://www.st.com/en/motor-drivers/isolated-gate-drivers.html
Motor Drivers,Multiple Channel Drivers,https://www.st.com/en/motor-drivers/multiple-channel-drivers.html
Motor Drivers,Single Channel Drivers,https://www.st.com/en/motor-drivers/single-channel-drivers.html
NFC,ST25 Dynamic NFC Tags,https://www.st.com/en/nfc/st25-dynamic-nfc-tags.html
NFC,ST25 NFC / RFID Readers,https://www.st.com/en/nfc/st25-nfc-rfid-readers.html
NFC,ST25 NFC / RFID Tags,https://www.st.com/en/nfc/st25-nfc-rfid-tags.html
Power Management,Digital and Resonant Controllers,https://www.st.com/en/power-management/digital-and-resonant-controllers.html
Power Management,High Voltage Converters,https://www.st.com/en/power-management/high-voltage-converters.html
Power Management,PFC Controllers,https://www.st.com/en/power-management/pfc-controllers.html
Power Management,PWM Controllers,https://www.st.com/en/power-management/pwm-controllers.html
Power Management,Synchronous Rectification Controllers,https://www.st.com/en/power-management/synchronous-rectification-controllers.html
Power Management,Voltage and Current Controllers,https://www.st.com/en/power-management/voltage-and-current-controllers.html
Power Management,Battery Chargers,https://www.st.com/en/power-management/battery-chargers.html
Power Management,Battery Fuel Gauge,https://www.st.com/en/power-management/battery-fuel-gauge.html
Power Management,Multicell Battery Monitoring and Balancing ICs,https://www.st.com/en/power-management/multicell-battery-monitoring-and-balancing-ics.html
Power Management,48 V Direct Power Conversion,https://www.st.com/en/power-management/48-v-direct-power-conversion.html
Power Management,Boost Regulators,https://www.st.com/en/power-management/boost-regulators.html
Power Management,Buck-Boost Regulators,https://www.st.com/en/power-management/buck-boost-regulators.html
Power Management,Buck Regulators,https://www.st.com/en/power-management/buck-regulators.html
Power Management,Multi-Output Controllers and Regulators,https://www.st.com/en/power-management/multi-output-controllers-and-regulators.html
Power Management,Multi-phase Controllers,https://www.st.com/en/power-management/multi-phase-controllers.html
Power Management,Single-phase Controllers,https://www.st.com/en/power-management/single-phase-controllers.html
Power Management,LCD/OLED Display PSUs,https://www.st.com/en/power-management/lcd-oled-display-psus.html
Power Management,VFD/LED Front Panel Controllers,https://www.st.com/en/power-management/vfd-led-front-panel-controllers.html
Power Management,E-fuses,https://www.st.com/en/power-management/e-fuses.html
Power Management,Power breakers and other Hot-swap ICs,https://www.st.com/en/power-management/power-breakers-and-other-hot-swap-ics.html
Power Management,GaN Drivers,https://www.st.com/en/power-management/gan-drivers.html
Power Management,High Voltage GaN Converters,https://www.st.com/en/power-management/high-voltage-gan-converters.html
Power Management,Integrated Smart GaNs,https://www.st.com/en/power-management/integrated-smart-gans.html
Power Management,High Voltage Half Bridge Gate Drivers,https://www.st.com/en/power-management/high-voltage-half-bridge-gate-drivers.html
Power Management,Isolated Gate Drivers,https://www.st.com/en/power-management/isolated-gate-drivers.html
Power Management,Multiple Channel Drivers,https://www.st.com/en/power-management/multiple-channel-drivers.html
Power Management,Single Channel Drivers,https://www.st.com/en/power-management/single-channel-drivers.html
Power Management,High and Low Side Switches,https://www.st.com/en/power-management/high-and-low-side-switches.html
Power Management,High Side Switches,https://www.st.com/en/power-management/high-side-switches.html
Power Management,Low Side Switches,https://www.st.com/en/power-management/low-side-switches.html
Power Management,Boost Current Regulators for LED,https://www.st.com/en/power-management/boost-current-regulators-for-led.html
Power Management,Buck Current Regulators for LED,https://www.st.com/en/power-management/buck-current-regulators-for-led.html
Power Management,LED Array Drivers,https://www.st.com/en/power-management/led-array-drivers.html
Power Management,LED Matrix Drivers,https://www.st.com/en/power-management/led-matrix-drivers.html
Power Management,Linear Current Regulators,https://www.st.com/en/power-management/linear-current-regulators.html
Power Management,Offline LED Drivers,https://www.st.com/en/power-management/offline-led-drivers.html
Power Management,Ballast Control ICs for Fluorescent Lamps,https://www.st.com/en/power-management/ballast-control-ics-for-fluorescent-lamps.html
Power Management,Digital Power Control Drivers,https://www.st.com/en/power-management/digital-power-control-drivers.html
Power Management,Low Dropout (LDO) Linear Regulators,https://www.st.com/en/power-management/low-dropout-ldo-linear-regulators.html
Power Management,Standard Voltage Regulators,https://www.st.com/en/power-management/standard-voltage-regulators.html
Power Management,Switching LNB supply ICs,https://www.st.com/en/power-management/switching-lnb-supply-ics.html
Power Management,MPPT DC-DC converters,https://www.st.com/en/power-management/mppt-dc-dc-converters.html
Power Modules and IPM,ACEPACK 1 and 2,https://www.st.com/en/power-modules-and-ipm/acepack-1-and-2.html
Power Modules and IPM,ACEPACK DRIVE,https://www.st.com/en/power-modules-and-ipm/acepack-drive.html
Power Modules and IPM,3-phase inverter,https://www.st.com/en/power-modules-and-ipm/3-phase-inverter.html
Power Transistors,STPOWER IGBTs >= 1200V,https://www.st.com/en/power-transistors/stpower-igbts-gt-1200v.html
Power Transistors,STPOWER IGBTs 300-400V (clamped),https://www.st.com/en/power-transistors/stpower-igbts-300-400v-clamped.html
Power Transistors,STPOWER IGBTs 600-650V,https://www.st.com/en/power-transistors/stpower-igbts-600-650v.html
Power Transistors,STPOWER IGBTs Bare die up to 1700V,https://www.st.com/en/power-transistors/stpower-igbts-bare-die-up-to-1700v.html
Power Transistors,< 500V Transistors,https://www.st.com/en/power-transistors/lt-500v-transistors.html
Power Transistors,> 1000V Transistors,https://www.st.com/en/power-transistors/gt-1000v-transistors.html
Power Transistors,500V to 1000V Transistors,https://www.st.com/en/power-transistors/500v-to-1000v-transistors.html
Power Transistors,Darlingtons,https://www.st.com/en/power-transistors/darlingtons.html
Power Transistors,STPOWER N-channel MOSFETs > 30 V to 350 V,https://www.st.com/en/power-transistors/stpower-n-channel-mosfets-gt-30-v-to-350-v.html
Power Transistors,STPOWER N-channel MOSFETs > 350 V to 700 V,https://www.st.com/en/power-transistors/stpower-n-channel-mosfets-gt-350-v-to-700-v.html
Power Transistors,STPOWER N-channel MOSFETs > 700 V,https://www.st.com/en/power-transistors/stpower-n-channel-mosfets-gt-700-v.html
Power Transistors,STPOWER N-channel MOSFETs 20 V to 30 V,https://www.st.com/en/power-transistors/stpower-n-channel-mosfets-20-v-to-30-v.html
Power Transistors,STPOWER P-channel MOSFETs -20 V to -500 V,https://www.st.com/en/power-transistors/stpower-p-channel-mosfets-20-v-to-500-v.html
Power Transistors,STPOWER GaN Transistors,https://www.st.com/en/power-transistors/stpower-gan-transistors.html
Power Transistors,STPOWER SiC MOSFETs,https://www.st.com/en/power-transistors/stpower-sic-mosfets.html
Protections and EMI filters,Application-Specific Integrated Products (ASIP),https://www.st.com/en/protections-and-emi-filters/application-specific-integrated-products-asip.html
Protections and EMI filters,"Automotive EMI filters, ECMF and ASIP",https://www.st.com/en/protections-and-emi-filters/automotive-emi-filters-ecmf-and-asip.html
Protections and EMI filters,Common-mode filters with integrated ESD protection (ECMF),https://www.st.com/en/protections-and-emi-filters/common-mode-filters-with-integrated-esd-protection-ecmf.html
Protections and EMI filters,EMI filters with ESD integrated protection,https://www.st.com/en/protections-and-emi-filters/emi-filters-with-esd-integrated-protection.html
Protections and EMI filters,Automotive ESD protection,https://www.st.com/en/protections-and-emi-filters/automotive-esd-protection.html
Protections and EMI filters,General purpose ESD protection,https://www.st.com/en/protections-and-emi-filters/general-purpose-esd-protection.html
Protections and EMI filters,High-speed data lines (<1 pF),https://www.st.com/en/protections-and-emi-filters/high-speed-data-lines-lt1-pf.html
Protections and EMI filters,Automotive TVS,https://www.st.com/en/protections-and-emi-filters/automotive-tvs.html
Radio Frequency Transistors,Avionics & Radar,https://www.st.com/en/radio-frequency-transistors/avionics-radar.html
Radio Frequency Transistors,ISM & Broadcast,https://www.st.com/en/radio-frequency-transistors/ism-broadcast.html
Radio Frequency Transistors,Mobile & Wideband Comms,https://www.st.com/en/radio-frequency-transistors/mobile-wideband-comms.html
Radio Frequency Transistors,Telecom & Satellite Comms,https://www.st.com/en/radio-frequency-transistors/telecom-satellite-comms.html
Secure MCUs,ST23,https://www.st.com/en/secure-mcus/st23.html
Secure MCUs,ST31 ARM SC000,https://www.st.com/en/secure-mcus/st31-arm-sc000.html
Secure MCUs,ST32 ARM Core,https://www.st.com/en/secure-mcus/st32-arm-core.html
Secure MCUs,ST33 ARM core,https://www.st.com/en/secure-mcus/st33-arm-core.html
Space Products,Rad-Hard Data Converters,https://www.st.com/en/space-products/rad-hard-data-converters.html
Space Products,Rad-Hard Operational Amplifiers and Comparators,https://www.st.com/en/space-products/rad-hard-operational-amplifiers-and-comparators.html
Space Products,Rad-Hard Voltage References,https://www.st.com/en/space-products/rad-hard-voltage-references.html
Space Products,Rad-Hard Bipolar Transistors,https://www.st.com/en/space-products/rad-hard-bipolar-transistors.html
Space Products,Rad-Hard Diodes and Rectifiers,https://www.st.com/en/space-products/rad-hard-diodes-and-rectifiers.html
Space Products,Rad-Hard Power MOSFETs,https://www.st.com/en/space-products/rad-hard-power-mosfets.html
Space Products,Rad-Hard Bus Buffers,https://www.st.com/en/space-products/rad-hard-bus-buffers.html
Space Products,Rad-Hard Level Shifters,https://www.st.com/en/space-products/rad-hard-level-shifters.html
Space Products,Rad-Hard LVDS,https://www.st.com/en/space-products/rad-hard-lvds.html
Space Products,Rad-Hard 54 AC/ACT Series,https://www.st.com/en/space-products/rad-hard-54-ac-act-series.html
Space Products,Rad-Hard 54HC/HCT Series,https://www.st.com/en/space-products/rad-hard-54hc-hct-series.html
Space Products,Rad-Hard 54VCX Series,https://www.st.com/en/space-products/rad-hard-54vcx-series.html
Space Products,Rad-Hard CMOS 4000B Series,https://www.st.com/en/space-products/rad-hard-cmos-4000b-series.html
Space Products,Rad-Hard Fast Logic,https://www.st.com/en/space-products/rad-hard-fast-logic.html
Space Products,Rad-Hard Current Limiter,https://www.st.com/en/space-products/rad-hard-current-limiter.html
Space Products,Rad-Hard Gate Drivers,https://www.st.com/en/space-products/rad-hard-gate-drivers.html
Space Products,Rad-Hard Linear Voltage Regulators,https://www.st.com/en/space-products/rad-hard-linear-voltage-regulators.html
Space Products,Rad-Hard PWM Controllers,https://www.st.com/en/space-products/rad-hard-pwm-controllers.html
Thyristors (SCR) and AC Switches,Logic-level gate ACS series,https://www.st.com/en/thyristors-scr-and-ac-switches/logic-level-gate-acs-series.html
Thyristors (SCR) and AC Switches,Overvoltage protected ACST series,https://www.st.com/en/thyristors-scr-and-ac-switches/overvoltage-protected-acst-series.html
Thyristors (SCR) and AC Switches,High-temperature Thyristors (SCR),https://www.st.com/en/thyristors-scr-and-ac-switches/high-temperature-thyristors-scr.html
Thyristors (SCR) and AC Switches,Logic-level gate Thyristors (SCR),https://www.st.com/en/thyristors-scr-and-ac-switches/logic-level-gate-thyristors-scr.html
Thyristors (SCR) and AC Switches,Standard Thyristors (SCR),https://www.st.com/en/thyristors-scr-and-ac-switches/standard-thyristors-scr.html
Thyristors (SCR) and AC Switches,Application specific ignitors,https://www.st.com/en/thyristors-scr-and-ac-switches/application-specific-ignitors.html
Thyristors (SCR) and AC Switches,Automatic voltage switches,https://www.st.com/en/thyristors-scr-and-ac-switches/automatic-voltage-switches.html
Thyristors (SCR) and AC Switches,Diacs,https://www.st.com/en/thyristors-scr-and-ac-switches/diacs.html
Thyristors (SCR) and AC Switches,High-temperature Triacs,https://www.st.com/en/thyristors-scr-and-ac-switches/high-temperature-triacs.html
Thyristors (SCR) and AC Switches,Standard and Snubberless Triacs,https://www.st.com/en/thyristors-scr-and-ac-switches/standard-and-snubberless-triacs.html
Wireless Connectivity,6LoWPAN Products,https://www.st.com/en/wireless-connectivity/6lowpan-products.html
Wireless Connectivity,KNX-RF Products,https://www.st.com/en/wireless-connectivity/knx-rf-products.html
Wireless Connectivity,LoRaWAN Products,https://www.st.com/en/wireless-connectivity/lorawan-products.html
Wireless Connectivity,Proprietary Sub-1 GHz Products,https://www.st.com/en/wireless-connectivity/proprietary-sub-1-ghz-products.html
Wireless Connectivity,Sigfox Products,https://www.st.com/en/wireless-connectivity/sigfox-products.html
Wireless Connectivity,Wireless M-BUS Products,https://www.st.com/en/wireless-connectivity/wireless-m-bus-products.html
Wireless Connectivity,Wi-Sun Products,https://www.st.com/en/wireless-connectivity/wi-sun-products.html
Wireless Connectivity,Baluns,https://www.st.com/en/wireless-connectivity/baluns.html
Wireless Connectivity,Filters,https://www.st.com/en/wireless-connectivity/filters.html
Wireless Connectivity,RF PLL Synthesizers,https://www.st.com/en/wireless-connectivity/rf-pll-synthesizers.html
Wireless Connectivity,60 GHz Contactless Products,https://www.st.com/en/wireless-connectivity/60-ghz-contactless-products.html
Wireless Connectivity,Bluetooth Low Energy application processors,https://www.st.com/en/wireless-connectivity/bluetooth-low-energy-application-processors.html
Wireless Connectivity,Bluetooth Low Energy network co-processors,https://www.st.com/en/wireless-connectivity/bluetooth-low-energy-network-co-processors.html
Wireless Connectivity,Matter Products,https://www.st.com/en/wireless-connectivity/matter-products.html
Wireless Connectivity,Thread Products,https://www.st.com/en/wireless-connectivity/thread-products.html
Wireless Connectivity,Ultra Wideband Products,https://www.st.com/en/wireless-connectivity/ultra-wideband-products.html
Wireless Connectivity,ZigBee Products,https://www.st.com/en/wireless-connectivity/zigbee-products.html
